"module","gene","rank"
"salmon","ACROYT_G033143",1
"salmon","ACROYT_G033146",2
"salmon","ACROYT_G033145",3
"salmon","ACROYT_G022526",4
"salmon","ACROYT_G007215",5
"salmon","ACROYT_G006300",6
"salmon","ACROYT_G000005",7
"salmon","ACROYT_G022047",8
"salmon","ACROYT_G033144",9
"salmon","ACROYT_G028154",10
"salmon","ACROYT_G037745",11
"salmon","ACROYT_G026475",12
"salmon","ACROYT_G012669",13
"salmon","ACROYT_G020629",14
"salmon","ACROYT_G036679",15
"salmon","ACROYT_G032697",16
"salmon","ACROYT_G038556",17
"salmon","ACROYT_G020692",18
"salmon","ACROYT_G009038",19
"salmon","ACROYT_G032104",20
"salmon","ACROYT_G033466",21
"salmon","ACROYT_G009603",22
"salmon","ACROYT_G013852",23
"salmon","ACROYT_G021007",24
"salmon","ACROYT_G034454",25
"salmon","ACROYT_G000553",26
"salmon","ACROYT_G038720",27
"salmon","ACROYT_G034857",28
"salmon","ACROYT_G043398",29
"salmon","ACROYT_G040824",30
"salmon","ACROYT_G010673",31
"salmon","ACROYT_G024699",32
"salmon","ACROYT_G010705",33
"salmon","ACROYT_G031792",34
"salmon","ACROYT_G042132",35
"salmon","ACROYT_G039741",36
"salmon","ACROYT_G042269",37
"salmon","ACROYT_G011857",38
"salmon","ACROYT_G032747",39
"salmon","ACROYT_G008559",40
"salmon","ACROYT_G026528",41
"salmon","ACROYT_G032529",42
"salmon","ACROYT_G044003",43
"salmon","ACROYT_G011632",44
"salmon","ACROYT_G043125",45
"salmon","ACROYT_G034029",46
"salmon","ACROYT_G022054",47
"salmon","ACROYT_G017726",48
"salmon","ACROYT_G010344",49
"salmon","ACROYT_G039254",50
"salmon","ACROYT_G024233",51
"salmon","ACROYT_G034966",52
"salmon","ACROYT_G004109",53
"salmon","ACROYT_G009150",54
"salmon","ACROYT_G040312",55
"salmon","ACROYT_G024117",56
"salmon","ACROYT_G021870",57
"salmon","ACROYT_G036395",58
"salmon","ACROYT_G031992",59
"salmon","ACROYT_G000830",60
"salmon","ACROYT_G002227",61
"salmon","ACROYT_G022053",62
"salmon","ACROYT_G018796",63
"yellow","ACROYT_G011871",1
"yellow","ACROYT_G001909",2
"yellow","ACROYT_G026803",3
"yellow","ACROYT_G019824",4
"yellow","ACROYT_G005498",5
"yellow","ACROYT_G016500",6
"yellow","ACROYT_G009087",7
"yellow","ACROYT_G037317",8
"yellow","ACROYT_G024947",9
"yellow","ACROYT_G020690",10
"yellow","ACROYT_G030730",11
"yellow","ACROYT_G013715",12
"yellow","ACROYT_G020691",13
"yellow","ACROYT_G005307",14
"yellow","ACROYT_G008979",15
"yellow","ACROYT_G026623",16
"yellow","ACROYT_G013132",17
"yellow","ACROYT_G007708",18
"yellow","ACROYT_G012516",19
"yellow","ACROYT_G041344",20
"yellow","ACROYT_G029490",21
"yellow","ACROYT_G006757",22
"yellow","ACROYT_G030732",23
"yellow","ACROYT_G025577",24
"yellow","ACROYT_G036945",25
"yellow","ACROYT_G035139",26
"yellow","ACROYT_G001680",27
"yellow","ACROYT_G011372",28
"yellow","ACROYT_G032915",29
"yellow","ACROYT_G018858",30
"yellow","ACROYT_G043362",31
"yellow","ACROYT_G043015",32
"yellow","ACROYT_G022508",33
"yellow","ACROYT_G006387",34
"yellow","ACROYT_G025257",35
"yellow","ACROYT_G039803",36
"yellow","ACROYT_G011819",37
"yellow","ACROYT_G002586",38
"yellow","ACROYT_G037326",39
"yellow","ACROYT_G028580",40
"yellow","ACROYT_G001064",41
"yellow","ACROYT_G012882",42
"yellow","ACROYT_G024930",43
"yellow","ACROYT_G039442",44
"yellow","ACROYT_G039131",45
"yellow","ACROYT_G037002",46
"yellow","ACROYT_G017487",47
"yellow","ACROYT_G008025",48
"yellow","ACROYT_G011293",49
"yellow","ACROYT_G022558",50
"yellow","ACROYT_G032053",51
"yellow","ACROYT_G025947",52
"yellow","ACROYT_G037112",53
"yellow","ACROYT_G013275",54
"yellow","ACROYT_G000485",55
"yellow","ACROYT_G000151",56
"yellow","ACROYT_G021400",57
"yellow","ACROYT_G013311",58
"yellow","ACROYT_G037218",59
"yellow","ACROYT_G000034",60
"yellow","ACROYT_G035292",61
"yellow","ACROYT_G012976",62
"yellow","ACROYT_G019542",63
"yellow","ACROYT_G020079",64
"yellow","ACROYT_G020879",65
"yellow","ACROYT_G037496",66
"yellow","ACROYT_G044703",67
"yellow","ACROYT_G029780",68
"yellow","ACROYT_G004194",69
"yellow","ACROYT_G021579",70
"yellow","ACROYT_G039473",71
"yellow","ACROYT_G020240",72
"yellow","ACROYT_G021442",73
"yellow","ACROYT_G015863",74
"yellow","ACROYT_G002019",75
"yellow","ACROYT_G031187",76
"yellow","ACROYT_G032687",77
"yellow","ACROYT_G004193",78
"yellow","ACROYT_G011532",79
"yellow","ACROYT_G021339",80
"yellow","ACROYT_G007158",81
"yellow","ACROYT_G010198",82
"yellow","ACROYT_G000484",83
"yellow","ACROYT_G031969",84
"yellow","ACROYT_G038078",85
"yellow","ACROYT_G021513",86
"yellow","ACROYT_G033195",87
"yellow","ACROYT_G031817",88
"yellow","ACROYT_G010808",89
"yellow","ACROYT_G015862",90
"yellow","ACROYT_G019606",91
"yellow","ACROYT_G003370",92
"yellow","ACROYT_G011943",93
"yellow","ACROYT_G011268",94
"yellow","ACROYT_G013514",95
"yellow","ACROYT_G026728",96
"yellow","ACROYT_G016595",97
"yellow","ACROYT_G031970",98
"yellow","ACROYT_G022656",99
"yellow","ACROYT_G018452",100
"yellow","ACROYT_G018673",101
"yellow","ACROYT_G034450",102
"yellow","ACROYT_G021491",103
"yellow","ACROYT_G036007",104
"yellow","ACROYT_G004692",105
"yellow","ACROYT_G023845",106
"yellow","ACROYT_G042982",107
"yellow","ACROYT_G021433",108
"yellow","ACROYT_G007286",109
"yellow","ACROYT_G003130",110
"yellow","ACROYT_G005687",111
"yellow","ACROYT_G024700",112
"yellow","ACROYT_G023790",113
"yellow","ACROYT_G007557",114
"yellow","ACROYT_G013090",115
"yellow","ACROYT_G036669",116
"yellow","ACROYT_G034457",117
"yellow","ACROYT_G006843",118
"yellow","ACROYT_G012952",119
"yellow","ACROYT_G041841",120
"yellow","ACROYT_G042946",121
"yellow","ACROYT_G010088",122
"yellow","ACROYT_G001500",123
"yellow","ACROYT_G020933",124
"yellow","ACROYT_G004447",125
"yellow","ACROYT_G026639",126
"yellow","ACROYT_G003854",127
"yellow","ACROYT_G036401",128
"yellow","ACROYT_G036133",129
"yellow","ACROYT_G020737",130
"yellow","ACROYT_G044715",131
"yellow","ACROYT_G039028",132
"yellow","ACROYT_G037003",133
"yellow","ACROYT_G022865",134
"yellow","ACROYT_G007956",135
"yellow","ACROYT_G031585",136
"yellow","ACROYT_G001214",137
"yellow","ACROYT_G029841",138
"yellow","ACROYT_G009830",139
"yellow","ACROYT_G020884",140
"yellow","ACROYT_G031584",141
"blue","ACROYT_G024921",1
"blue","ACROYT_G037441",2
"blue","ACROYT_G019799",3
"blue","ACROYT_G037591",4
"blue","ACROYT_G027661",5
"blue","ACROYT_G023543",6
"blue","ACROYT_G029061",7
"blue","ACROYT_G038405",8
"blue","ACROYT_G001485",9
"blue","ACROYT_G035035",10
"blue","ACROYT_G039171",11
"blue","ACROYT_G043838",12
"blue","ACROYT_G027646",13
"blue","ACROYT_G003362",14
"blue","ACROYT_G036973",15
"blue","ACROYT_G000467",16
"blue","ACROYT_G042774",17
"blue","ACROYT_G037692",18
"blue","ACROYT_G027369",19
"blue","ACROYT_G021828",20
"blue","ACROYT_G005802",21
"blue","ACROYT_G032171",22
"blue","ACROYT_G001640",23
"blue","ACROYT_G019737",24
"blue","ACROYT_G022486",25
"blue","ACROYT_G006725",26
"blue","ACROYT_G000539",27
"blue","ACROYT_G018076",28
"blue","ACROYT_G021859",29
"blue","ACROYT_G019643",30
"blue","ACROYT_G021449",31
"blue","ACROYT_G038870",32
"blue","ACROYT_G006314",33
"blue","ACROYT_G022500",34
"blue","ACROYT_G030337",35
"blue","ACROYT_G017839",36
"blue","ACROYT_G009999",37
"blue","ACROYT_G012007",38
"blue","ACROYT_G022776",39
"blue","ACROYT_G019632",40
"blue","ACROYT_G039381",41
"blue","ACROYT_G032937",42
"blue","ACROYT_G020552",43
"blue","ACROYT_G025574",44
"blue","ACROYT_G041923",45
"blue","ACROYT_G032637",46
"blue","ACROYT_G042279",47
"blue","ACROYT_G013062",48
"blue","ACROYT_G001541",49
"blue","ACROYT_G017838",50
"blue","ACROYT_G022463",51
"blue","ACROYT_G032248",52
"blue","ACROYT_G037994",53
"blue","ACROYT_G009447",54
"blue","ACROYT_G017809",55
"blue","ACROYT_G008707",56
"blue","ACROYT_G018812",57
"blue","ACROYT_G027630",58
"blue","ACROYT_G027735",59
"blue","ACROYT_G003306",60
"blue","ACROYT_G010865",61
"blue","ACROYT_G017973",62
"blue","ACROYT_G022131",63
"blue","ACROYT_G021858",64
"blue","ACROYT_G039418",65
"blue","ACROYT_G023766",66
"blue","ACROYT_G039938",67
"blue","ACROYT_G032850",68
"blue","ACROYT_G040108",69
"blue","ACROYT_G032930",70
"blue","ACROYT_G036347",71
"blue","ACROYT_G019567",72
"blue","ACROYT_G042276",73
"blue","ACROYT_G021861",74
"blue","ACROYT_G010799",75
"blue","ACROYT_G025980",76
"blue","ACROYT_G007854",77
"blue","ACROYT_G021860",78
"blue","ACROYT_G003536",79
"blue","ACROYT_G027389",80
"blue","ACROYT_G037500",81
"blue","ACROYT_G005185",82
"blue","ACROYT_G011148",83
"blue","ACROYT_G023727",84
"blue","ACROYT_G009998",85
"blue","ACROYT_G032172",86
"blue","ACROYT_G039427",87
"blue","ACROYT_G019635",88
"blue","ACROYT_G042275",89
"blue","ACROYT_G020457",90
"blue","ACROYT_G040720",91
"blue","ACROYT_G018593",92
"blue","ACROYT_G044428",93
"blue","ACROYT_G021789",94
"blue","ACROYT_G013341",95
"blue","ACROYT_G001336",96
"blue","ACROYT_G036611",97
"blue","ACROYT_G006013",98
"blue","ACROYT_G010073",99
"blue","ACROYT_G031182",100
"blue","ACROYT_G019764",101
"blue","ACROYT_G016868",102
"blue","ACROYT_G039193",103
"blue","ACROYT_G028382",104
"blue","ACROYT_G000870",105
"blue","ACROYT_G001722",106
"blue","ACROYT_G003865",107
"blue","ACROYT_G034760",108
"blue","ACROYT_G026737",109
"blue","ACROYT_G040846",110
"blue","ACROYT_G012773",111
"blue","ACROYT_G007809",112
"blue","ACROYT_G018561",113
"blue","ACROYT_G020555",114
"blue","ACROYT_G031938",115
"blue","ACROYT_G010083",116
"blue","ACROYT_G005620",117
"blue","ACROYT_G029804",118
"blue","ACROYT_G030309",119
"blue","ACROYT_G018039",120
"blue","ACROYT_G001559",121
"blue","ACROYT_G031298",122
"blue","ACROYT_G037995",123
"blue","ACROYT_G000497",124
"blue","ACROYT_G020614",125
"blue","ACROYT_G006438",126
"blue","ACROYT_G036390",127
"blue","ACROYT_G039642",128
"blue","ACROYT_G026620",129
"blue","ACROYT_G004471",130
"blue","ACROYT_G023961",131
"blue","ACROYT_G007255",132
"blue","ACROYT_G009370",133
"blue","ACROYT_G043110",134
"blue","ACROYT_G003797",135
"blue","ACROYT_G010556",136
"blue","ACROYT_G042776",137
"blue","ACROYT_G001549",138
"blue","ACROYT_G025527",139
"blue","ACROYT_G021594",140
"blue","ACROYT_G039997",141
"blue","ACROYT_G007796",142
"blue","ACROYT_G002698",143
"blue","ACROYT_G021441",144
"blue","ACROYT_G044422",145
"blue","ACROYT_G007667",146
"blue","ACROYT_G013419",147
"blue","ACROYT_G007256",148
"blue","ACROYT_G038446",149
"blue","ACROYT_G022676",150
"blue","ACROYT_G039328",151
"blue","ACROYT_G019480",152
"blue","ACROYT_G042721",153
"blue","ACROYT_G034018",154
"blue","ACROYT_G017711",155
"blue","ACROYT_G005699",156
"blue","ACROYT_G030605",157
"blue","ACROYT_G011075",158
"blue","ACROYT_G016960",159
"blue","ACROYT_G037729",160
"blue","ACROYT_G011982",161
"blue","ACROYT_G037628",162
"blue","ACROYT_G021294",163
"blue","ACROYT_G004486",164
"blue","ACROYT_G039781",165
"blue","ACROYT_G032910",166
"blue","ACROYT_G022288",167
"blue","ACROYT_G025724",168
"blue","ACROYT_G006055",169
"blue","ACROYT_G027138",170
"blue","ACROYT_G016033",171
"blue","ACROYT_G034920",172
"blue","ACROYT_G027192",173
"blue","ACROYT_G036896",174
"blue","ACROYT_G029102",175
"blue","ACROYT_G013615",176
"blue","ACROYT_G034094",177
"blue","ACROYT_G025943",178
"blue","ACROYT_G037840",179
"blue","ACROYT_G020420",180
"blue","ACROYT_G004555",181
"blue","ACROYT_G044601",182
"blue","ACROYT_G026642",183
"blue","ACROYT_G006928",184
"blue","ACROYT_G013136",185
"blue","ACROYT_G005038",186
"blue","ACROYT_G011009",187
"blue","ACROYT_G037152",188
"blue","ACROYT_G003099",189
"blue","ACROYT_G038365",190
"blue","ACROYT_G037494",191
"blue","ACROYT_G008499",192
"blue","ACROYT_G042829",193
"blue","ACROYT_G005297",194
"blue","ACROYT_G004470",195
"blue","ACROYT_G019845",196
"blue","ACROYT_G000228",197
"blue","ACROYT_G006426",198
"blue","ACROYT_G037146",199
"blue","ACROYT_G000044",200
"pink","ACROYT_G018992",1
"pink","ACROYT_G025746",2
"pink","ACROYT_G017130",3
"pink","ACROYT_G017750",4
"pink","ACROYT_G016943",5
"pink","ACROYT_G033413",6
"pink","ACROYT_G001672",7
"pink","ACROYT_G028884",8
"pink","ACROYT_G018915",9
"pink","ACROYT_G013060",10
"pink","ACROYT_G028318",11
"pink","ACROYT_G003129",12
"pink","ACROYT_G011269",13
"pink","ACROYT_G036909",14
"pink","ACROYT_G004672",15
"pink","ACROYT_G013558",16
"pink","ACROYT_G025534",17
"pink","ACROYT_G034546",18
"pink","ACROYT_G037734",19
"pink","ACROYT_G025221",20
"pink","ACROYT_G025857",21
"pink","ACROYT_G042661",22
"pink","ACROYT_G005155",23
"pink","ACROYT_G029494",24
"pink","ACROYT_G033419",25
"pink","ACROYT_G042464",26
"pink","ACROYT_G037459",27
"pink","ACROYT_G002858",28
"pink","ACROYT_G017748",29
"pink","ACROYT_G043148",30
"pink","ACROYT_G003856",31
"pink","ACROYT_G043265",32
"pink","ACROYT_G032695",33
"pink","ACROYT_G011801",34
"pink","ACROYT_G024003",35
"pink","ACROYT_G006738",36
"pink","ACROYT_G013655",37
"pink","ACROYT_G028829",38
"pink","ACROYT_G018993",39
"pink","ACROYT_G034495",40
"pink","ACROYT_G013727",41
"pink","ACROYT_G013279",42
"pink","ACROYT_G042274",43
"pink","ACROYT_G001748",44
"pink","ACROYT_G017570",45
"pink","ACROYT_G002791",46
"pink","ACROYT_G001753",47
"pink","ACROYT_G017518",48
"pink","ACROYT_G035376",49
"pink","ACROYT_G036356",50
"pink","ACROYT_G027858",51
"pink","ACROYT_G028032",52
"pink","ACROYT_G022346",53
"pink","ACROYT_G017392",54
"pink","ACROYT_G038296",55
"pink","ACROYT_G027459",56
"pink","ACROYT_G028773",57
"pink","ACROYT_G028251",58
"pink","ACROYT_G027302",59
"pink","ACROYT_G016851",60
"pink","ACROYT_G007162",61
"pink","ACROYT_G001779",62
"pink","ACROYT_G002574",63
"pink","ACROYT_G024040",64
"pink","ACROYT_G030795",65
"pink","ACROYT_G013479",66
"pink","ACROYT_G011037",67
"pink","ACROYT_G006417",68
"pink","ACROYT_G035146",69
"pink","ACROYT_G038240",70
"pink","ACROYT_G030297",71
"pink","ACROYT_G021023",72
"pink","ACROYT_G001561",73
"pink","ACROYT_G027852",74
"pink","ACROYT_G024756",75
"pink","ACROYT_G008045",76
"pink","ACROYT_G028241",77
"pink","ACROYT_G039759",78
"pink","ACROYT_G016954",79
"pink","ACROYT_G029417",80
"pink","ACROYT_G018287",81
"pink","ACROYT_G011934",82
"pink","ACROYT_G043421",83
"pink","ACROYT_G008797",84
"pink","ACROYT_G000090",85
"pink","ACROYT_G044521",86
"pink","ACROYT_G023824",87
"pink","ACROYT_G020595",88
"pink","ACROYT_G014025",89
"pink","ACROYT_G027197",90
"pink","ACROYT_G005227",91
"grey60","ACROYT_G017763",1
"grey60","ACROYT_G004607",2
"grey60","ACROYT_G029041",3
"grey60","ACROYT_G026846",4
"grey60","ACROYT_G042239",5
"grey60","ACROYT_G003713",6
"grey60","ACROYT_G039455",7
"grey60","ACROYT_G040101",8
"grey60","ACROYT_G018916",9
"grey60","ACROYT_G023454",10
"grey60","ACROYT_G023092",11
"grey60","ACROYT_G021020",12
"grey60","ACROYT_G017762",13
"grey60","ACROYT_G042118",14
"grey60","ACROYT_G007378",15
"grey60","ACROYT_G041476",16
"grey60","ACROYT_G004673",17
"grey60","ACROYT_G010735",18
"grey60","ACROYT_G028515",19
"grey60","ACROYT_G043266",20
"grey60","ACROYT_G018986",21
"grey60","ACROYT_G035231",22
"grey60","ACROYT_G023112",23
"grey60","ACROYT_G020908",24
"grey60","ACROYT_G011679",25
"grey60","ACROYT_G026841",26
"grey60","ACROYT_G012446",27
"grey60","ACROYT_G011371",28
"grey60","ACROYT_G037215",29
"grey60","ACROYT_G032861",30
"grey60","ACROYT_G005235",31
"grey60","ACROYT_G032592",32
"grey60","ACROYT_G003712",33
"grey60","ACROYT_G025515",34
"grey60","ACROYT_G043004",35
"grey60","ACROYT_G009898",36
"grey60","ACROYT_G043287",37
"grey60","ACROYT_G006844",38
"grey60","ACROYT_G023482",39
"grey60","ACROYT_G027427",40
"grey60","ACROYT_G003039",41
"grey60","ACROYT_G000101",42
"grey60","ACROYT_G017394",43
"grey60","ACROYT_G024949",44
"grey60","ACROYT_G007583",45
"grey60","ACROYT_G020875",46
"grey60","ACROYT_G033688",47
"grey60","ACROYT_G041172",48
"grey60","ACROYT_G044512",49
"grey60","ACROYT_G043412",50
"magenta","ACROYT_G017100",1
"magenta","ACROYT_G007688",2
"magenta","ACROYT_G000102",3
"magenta","ACROYT_G003560",4
"magenta","ACROYT_G026316",5
"magenta","ACROYT_G036010",6
"magenta","ACROYT_G002666",7
"magenta","ACROYT_G022337",8
"magenta","ACROYT_G024322",9
"magenta","ACROYT_G004347",10
"magenta","ACROYT_G027473",11
"magenta","ACROYT_G002654",12
"magenta","ACROYT_G039329",13
"magenta","ACROYT_G017745",14
"magenta","ACROYT_G003670",15
"magenta","ACROYT_G010727",16
"magenta","ACROYT_G013170",17
"magenta","ACROYT_G036028",18
"magenta","ACROYT_G022181",19
"magenta","ACROYT_G035709",20
"magenta","ACROYT_G017702",21
"magenta","ACROYT_G017124",22
"magenta","ACROYT_G004643",23
"magenta","ACROYT_G007910",24
"magenta","ACROYT_G030948",25
"magenta","ACROYT_G029561",26
"magenta","ACROYT_G020409",27
"magenta","ACROYT_G007687",28
"magenta","ACROYT_G003490",29
"magenta","ACROYT_G035667",30
"magenta","ACROYT_G008918",31
"magenta","ACROYT_G018882",32
"magenta","ACROYT_G013377",33
"magenta","ACROYT_G003409",34
"magenta","ACROYT_G020770",35
"magenta","ACROYT_G020697",36
"magenta","ACROYT_G025091",37
"magenta","ACROYT_G012908",38
"magenta","ACROYT_G024393",39
"magenta","ACROYT_G003334",40
"magenta","ACROYT_G030350",41
"magenta","ACROYT_G002664",42
"magenta","ACROYT_G003832",43
"magenta","ACROYT_G003852",44
"magenta","ACROYT_G017577",45
"magenta","ACROYT_G008156",46
"magenta","ACROYT_G038128",47
"magenta","ACROYT_G011207",48
"magenta","ACROYT_G038031",49
"magenta","ACROYT_G017744",50
"magenta","ACROYT_G039303",51
"magenta","ACROYT_G038272",52
"magenta","ACROYT_G006887",53
"magenta","ACROYT_G033404",54
"magenta","ACROYT_G000413",55
"magenta","ACROYT_G002836",56
"magenta","ACROYT_G024431",57
"magenta","ACROYT_G013352",58
"magenta","ACROYT_G032244",59
"magenta","ACROYT_G007944",60
"magenta","ACROYT_G026764",61
"magenta","ACROYT_G009550",62
"magenta","ACROYT_G017268",63
"magenta","ACROYT_G007566",64
"magenta","ACROYT_G040055",65
"magenta","ACROYT_G038016",66
"magenta","ACROYT_G002565",67
"magenta","ACROYT_G027090",68
"magenta","ACROYT_G031972",69
"magenta","ACROYT_G034603",70
"magenta","ACROYT_G031602",71
"magenta","ACROYT_G033679",72
"magenta","ACROYT_G030790",73
"magenta","ACROYT_G042851",74
"magenta","ACROYT_G039432",75
"magenta","ACROYT_G031947",76
"magenta","ACROYT_G033434",77
"magenta","ACROYT_G023248",78
"magenta","ACROYT_G006463",79
"magenta","ACROYT_G012095",80
"magenta","ACROYT_G017768",81
"magenta","ACROYT_G039797",82
"magenta","ACROYT_G017095",83
"magenta","ACROYT_G005683",84
"magenta","ACROYT_G044561",85
"magenta","ACROYT_G025022",86
"magenta","ACROYT_G004742",87
"midnightblue","ACROYT_G008327",1
"midnightblue","ACROYT_G033132",2
"midnightblue","ACROYT_G018729",3
"midnightblue","ACROYT_G031994",4
"midnightblue","ACROYT_G002293",5
"midnightblue","ACROYT_G028763",6
"midnightblue","ACROYT_G029733",7
"midnightblue","ACROYT_G001557",8
"midnightblue","ACROYT_G023412",9
"midnightblue","ACROYT_G040791",10
"midnightblue","ACROYT_G006587",11
"midnightblue","ACROYT_G005191",12
"midnightblue","ACROYT_G020439",13
"midnightblue","ACROYT_G042384",14
"midnightblue","ACROYT_G043194",15
"midnightblue","ACROYT_G002895",16
"midnightblue","ACROYT_G001677",17
"midnightblue","ACROYT_G027043",18
"midnightblue","ACROYT_G010527",19
"midnightblue","ACROYT_G016722",20
"midnightblue","ACROYT_G028493",21
"midnightblue","ACROYT_G039339",22
"midnightblue","ACROYT_G012096",23
"midnightblue","ACROYT_G038498",24
"midnightblue","ACROYT_G017659",25
"midnightblue","ACROYT_G007446",26
"midnightblue","ACROYT_G034893",27
"midnightblue","ACROYT_G041253",28
"midnightblue","ACROYT_G043892",29
"midnightblue","ACROYT_G008113",30
"midnightblue","ACROYT_G010807",31
"midnightblue","ACROYT_G006173",32
"midnightblue","ACROYT_G032404",33
"midnightblue","ACROYT_G041470",34
"midnightblue","ACROYT_G026274",35
"midnightblue","ACROYT_G003487",36
"midnightblue","ACROYT_G027184",37
"midnightblue","ACROYT_G023614",38
"midnightblue","ACROYT_G002099",39
"midnightblue","ACROYT_G005228",40
"midnightblue","ACROYT_G007577",41
"midnightblue","ACROYT_G011942",42
"midnightblue","ACROYT_G040309",43
"midnightblue","ACROYT_G030792",44
"midnightblue","ACROYT_G027770",45
"midnightblue","ACROYT_G022702",46
"midnightblue","ACROYT_G040310",47
"midnightblue","ACROYT_G033221",48
"midnightblue","ACROYT_G042956",49
"midnightblue","ACROYT_G006639",50
"midnightblue","ACROYT_G019457",51
"midnightblue","ACROYT_G024918",52
"midnightblue","ACROYT_G021578",53
"brown","ACROYT_G024026",1
"brown","ACROYT_G026597",2
"brown","ACROYT_G012819",3
"brown","ACROYT_G026596",4
"brown","ACROYT_G005758",5
"brown","ACROYT_G007213",6
"brown","ACROYT_G023494",7
"brown","ACROYT_G026043",8
"brown","ACROYT_G004955",9
"brown","ACROYT_G007171",10
"brown","ACROYT_G026002",11
"brown","ACROYT_G022366",12
"brown","ACROYT_G001912",13
"brown","ACROYT_G007169",14
"brown","ACROYT_G007170",15
"brown","ACROYT_G009796",16
"brown","ACROYT_G007173",17
"brown","ACROYT_G012818",18
"brown","ACROYT_G019479",19
"brown","ACROYT_G036431",20
"brown","ACROYT_G007172",21
"brown","ACROYT_G008331",22
"brown","ACROYT_G023493",23
"brown","ACROYT_G007168",24
"brown","ACROYT_G007225",25
"brown","ACROYT_G013540",26
"brown","ACROYT_G025997",27
"brown","ACROYT_G009599",28
"brown","ACROYT_G036358",29
"brown","ACROYT_G018461",30
"brown","ACROYT_G025998",31
"brown","ACROYT_G031458",32
"brown","ACROYT_G026598",33
"brown","ACROYT_G008326",34
"brown","ACROYT_G001007",35
"brown","ACROYT_G025428",36
"brown","ACROYT_G004223",37
"brown","ACROYT_G007864",38
"brown","ACROYT_G033475",39
"brown","ACROYT_G026477",40
"brown","ACROYT_G003394",41
"brown","ACROYT_G023286",42
"brown","ACROYT_G007388",43
"brown","ACROYT_G027962",44
"brown","ACROYT_G009201",45
"brown","ACROYT_G029606",46
"brown","ACROYT_G000106",47
"brown","ACROYT_G006923",48
"brown","ACROYT_G029926",49
"brown","ACROYT_G007438",50
"brown","ACROYT_G006273",51
"brown","ACROYT_G008665",52
"brown","ACROYT_G043096",53
"brown","ACROYT_G024992",54
"brown","ACROYT_G023487",55
"brown","ACROYT_G025992",56
"brown","ACROYT_G003239",57
"brown","ACROYT_G020396",58
"brown","ACROYT_G025996",59
"brown","ACROYT_G005426",60
"brown","ACROYT_G013575",61
"brown","ACROYT_G036025",62
"brown","ACROYT_G010694",63
"brown","ACROYT_G000624",64
"brown","ACROYT_G018186",65
"brown","ACROYT_G001460",66
"brown","ACROYT_G007064",67
"brown","ACROYT_G017136",68
"brown","ACROYT_G011814",69
"brown","ACROYT_G032881",70
"brown","ACROYT_G035594",71
"brown","ACROYT_G000998",72
"brown","ACROYT_G022117",73
"brown","ACROYT_G044629",74
"brown","ACROYT_G022801",75
"brown","ACROYT_G020467",76
"brown","ACROYT_G028518",77
"brown","ACROYT_G025761",78
"brown","ACROYT_G024407",79
"brown","ACROYT_G033167",80
"brown","ACROYT_G009831",81
"brown","ACROYT_G044156",82
"brown","ACROYT_G007211",83
"brown","ACROYT_G028514",84
"brown","ACROYT_G030381",85
"brown","ACROYT_G007756",86
"brown","ACROYT_G003393",87
"brown","ACROYT_G030802",88
"brown","ACROYT_G006059",89
"brown","ACROYT_G019945",90
"brown","ACROYT_G031596",91
"brown","ACROYT_G009936",92
"brown","ACROYT_G018455",93
"brown","ACROYT_G009200",94
"brown","ACROYT_G033284",95
"brown","ACROYT_G008346",96
"brown","ACROYT_G011424",97
"brown","ACROYT_G043149",98
"brown","ACROYT_G002648",99
"brown","ACROYT_G001659",100
"brown","ACROYT_G031525",101
"brown","ACROYT_G044683",102
"brown","ACROYT_G036566",103
"brown","ACROYT_G003607",104
"brown","ACROYT_G011473",105
"brown","ACROYT_G003740",106
"brown","ACROYT_G019004",107
"brown","ACROYT_G027905",108
"brown","ACROYT_G006916",109
"brown","ACROYT_G020245",110
"brown","ACROYT_G028357",111
"brown","ACROYT_G001122",112
"brown","ACROYT_G032672",113
"brown","ACROYT_G044746",114
"brown","ACROYT_G015770",115
"brown","ACROYT_G044051",116
"brown","ACROYT_G042984",117
"brown","ACROYT_G008469",118
"brown","ACROYT_G032771",119
"brown","ACROYT_G018058",120
"brown","ACROYT_G036960",121
"brown","ACROYT_G000361",122
"brown","ACROYT_G018596",123
"brown","ACROYT_G007389",124
"brown","ACROYT_G039302",125
"brown","ACROYT_G024506",126
"brown","ACROYT_G033538",127
"brown","ACROYT_G003827",128
"brown","ACROYT_G042120",129
"brown","ACROYT_G006947",130
"brown","ACROYT_G007929",131
"brown","ACROYT_G025008",132
"brown","ACROYT_G002600",133
"brown","ACROYT_G035163",134
"brown","ACROYT_G012498",135
"brown","ACROYT_G004349",136
"brown","ACROYT_G042747",137
"brown","ACROYT_G038898",138
"brown","ACROYT_G002139",139
"brown","ACROYT_G031597",140
"brown","ACROYT_G026563",141
"brown","ACROYT_G032840",142
"brown","ACROYT_G043369",143
"brown","ACROYT_G021865",144
"brown","ACROYT_G018983",145
"brown","ACROYT_G038511",146
"brown","ACROYT_G011180",147
"brown","ACROYT_G038303",148
"brown","ACROYT_G008477",149
"brown","ACROYT_G037222",150
"brown","ACROYT_G037099",151
"brown","ACROYT_G016490",152
"brown","ACROYT_G034135",153
"brown","ACROYT_G004375",154
"brown","ACROYT_G038360",155
"brown","ACROYT_G010128",156
"brown","ACROYT_G000700",157
"brown","ACROYT_G020165",158
"brown","ACROYT_G011783",159
"green","ACROYT_G021040",1
"green","ACROYT_G024779",2
"green","ACROYT_G036901",3
"green","ACROYT_G040686",4
"green","ACROYT_G023747",5
"green","ACROYT_G039279",6
"green","ACROYT_G029144",7
"green","ACROYT_G032199",8
"green","ACROYT_G019624",9
"green","ACROYT_G019623",10
"green","ACROYT_G012630",11
"green","ACROYT_G029704",12
"green","ACROYT_G021907",13
"green","ACROYT_G021497",14
"green","ACROYT_G010788",15
"green","ACROYT_G038392",16
"green","ACROYT_G040968",17
"green","ACROYT_G037938",18
"green","ACROYT_G015971",19
"green","ACROYT_G001306",20
"green","ACROYT_G029636",21
"green","ACROYT_G011615",22
"green","ACROYT_G003272",23
"green","ACROYT_G021038",24
"green","ACROYT_G033378",25
"green","ACROYT_G030692",26
"green","ACROYT_G019788",27
"green","ACROYT_G040821",28
"green","ACROYT_G010191",29
"green","ACROYT_G036475",30
"green","ACROYT_G024207",31
"green","ACROYT_G037224",32
"green","ACROYT_G021929",33
"green","ACROYT_G016041",34
"green","ACROYT_G035412",35
"green","ACROYT_G001804",36
"green","ACROYT_G025165",37
"green","ACROYT_G030607",38
"green","ACROYT_G009423",39
"green","ACROYT_G030085",40
"green","ACROYT_G029255",41
"green","ACROYT_G023432",42
"green","ACROYT_G003834",43
"green","ACROYT_G000111",44
"green","ACROYT_G010406",45
"green","ACROYT_G013855",46
"green","ACROYT_G022139",47
"green","ACROYT_G040818",48
"green","ACROYT_G037635",49
"green","ACROYT_G001287",50
"green","ACROYT_G031091",51
"green","ACROYT_G008812",52
"green","ACROYT_G033380",53
"green","ACROYT_G038364",54
"green","ACROYT_G027051",55
"green","ACROYT_G033559",56
"green","ACROYT_G023433",57
"green","ACROYT_G025064",58
"green","ACROYT_G016568",59
"green","ACROYT_G019913",60
"green","ACROYT_G026837",61
"green","ACROYT_G006315",62
"green","ACROYT_G037349",63
"green","ACROYT_G009041",64
"green","ACROYT_G035024",65
"green","ACROYT_G009115",66
"green","ACROYT_G024903",67
"green","ACROYT_G029784",68
"green","ACROYT_G038716",69
"green","ACROYT_G028236",70
"green","ACROYT_G008967",71
"green","ACROYT_G006635",72
"green","ACROYT_G039235",73
"green","ACROYT_G000694",74
"green","ACROYT_G036796",75
"green","ACROYT_G029777",76
"green","ACROYT_G002802",77
"green","ACROYT_G031142",78
"green","ACROYT_G027677",79
"green","ACROYT_G041706",80
"green","ACROYT_G003833",81
"green","ACROYT_G036228",82
"green","ACROYT_G038743",83
"green","ACROYT_G042175",84
"green","ACROYT_G024948",85
"green","ACROYT_G017097",86
"green","ACROYT_G030844",87
"green","ACROYT_G035559",88
"green","ACROYT_G033199",89
"green","ACROYT_G012687",90
"green","ACROYT_G008240",91
"green","ACROYT_G004710",92
"green","ACROYT_G029751",93
"green","ACROYT_G023804",94
"green","ACROYT_G042865",95
"green","ACROYT_G001742",96
"green","ACROYT_G001241",97
"green","ACROYT_G024124",98
"green","ACROYT_G037351",99
"green","ACROYT_G007616",100
"green","ACROYT_G034813",101
"green","ACROYT_G032843",102
"green","ACROYT_G023157",103
"green","ACROYT_G013597",104
"green","ACROYT_G015994",105
"green","ACROYT_G036651",106
"green","ACROYT_G024181",107
"green","ACROYT_G041374",108
"green","ACROYT_G005460",109
"green","ACROYT_G001957",110
"green","ACROYT_G019803",111
"green","ACROYT_G012634",112
"green","ACROYT_G023865",113
"green","ACROYT_G024590",114
"green","ACROYT_G009435",115
"green","ACROYT_G031933",116
"green","ACROYT_G022140",117
"green","ACROYT_G043091",118
"green","ACROYT_G001501",119
"green","ACROYT_G009912",120
"green","ACROYT_G044308",121
"green","ACROYT_G016504",122
"green","ACROYT_G032661",123
"green","ACROYT_G005458",124
"green","ACROYT_G042281",125
"green","ACROYT_G010087",126
"green","ACROYT_G044161",127
"green","ACROYT_G026721",128
"green","ACROYT_G031152",129
"green","ACROYT_G010517",130
"green","ACROYT_G034656",131
"green","ACROYT_G036227",132
"green","ACROYT_G011159",133
"green","ACROYT_G007669",134
"green","ACROYT_G015760",135
"green","ACROYT_G011259",136
"green","ACROYT_G012681",137
"green","ACROYT_G008902",138
"green","ACROYT_G028885",139
"green","ACROYT_G020369",140
"green","ACROYT_G042871",141
"green","ACROYT_G042352",142
"green","ACROYT_G000854",143
"green","ACROYT_G028156",144
"green","ACROYT_G011948",145
"green","ACROYT_G037164",146
"green","ACROYT_G016026",147
"green","ACROYT_G034970",148
"green","ACROYT_G032336",149
"green","ACROYT_G038666",150
"green","ACROYT_G028355",151
"green","ACROYT_G033728",152
"purple","ACROYT_G001134",1
"purple","ACROYT_G044273",2
"purple","ACROYT_G013552",3
"purple","ACROYT_G034132",4
"purple","ACROYT_G022285",5
"purple","ACROYT_G040802",6
"purple","ACROYT_G021044",7
"purple","ACROYT_G032504",8
"purple","ACROYT_G023630",9
"purple","ACROYT_G002735",10
"purple","ACROYT_G043327",11
"purple","ACROYT_G022487",12
"purple","ACROYT_G016497",13
"purple","ACROYT_G030532",14
"purple","ACROYT_G006762",15
"purple","ACROYT_G041465",16
"purple","ACROYT_G041637",17
"purple","ACROYT_G036526",18
"purple","ACROYT_G018370",19
"purple","ACROYT_G038104",20
"purple","ACROYT_G024792",21
"purple","ACROYT_G038667",22
"purple","ACROYT_G042348",23
"purple","ACROYT_G038107",24
"purple","ACROYT_G008162",25
"purple","ACROYT_G023152",26
"purple","ACROYT_G005215",27
"purple","ACROYT_G007323",28
"purple","ACROYT_G006310",29
"purple","ACROYT_G030776",30
"purple","ACROYT_G000612",31
"purple","ACROYT_G010475",32
"purple","ACROYT_G024329",33
"purple","ACROYT_G012429",34
"purple","ACROYT_G008574",35
"purple","ACROYT_G040949",36
"purple","ACROYT_G021685",37
"purple","ACROYT_G013735",38
"purple","ACROYT_G028875",39
"purple","ACROYT_G044463",40
"purple","ACROYT_G001657",41
"purple","ACROYT_G031274",42
"purple","ACROYT_G012688",43
"purple","ACROYT_G012940",44
"purple","ACROYT_G012583",45
"purple","ACROYT_G034211",46
"purple","ACROYT_G026946",47
"purple","ACROYT_G024038",48
"purple","ACROYT_G035427",49
"purple","ACROYT_G032075",50
"purple","ACROYT_G036004",51
"purple","ACROYT_G017094",52
"purple","ACROYT_G010836",53
"purple","ACROYT_G006992",54
"purple","ACROYT_G000266",55
"purple","ACROYT_G024287",56
"purple","ACROYT_G008615",57
"purple","ACROYT_G018286",58
"purple","ACROYT_G020047",59
"purple","ACROYT_G037841",60
"purple","ACROYT_G007904",61
"purple","ACROYT_G008937",62
"purple","ACROYT_G040488",63
"purple","ACROYT_G011947",64
"purple","ACROYT_G009987",65
"purple","ACROYT_G024563",66
"purple","ACROYT_G007288",67
"purple","ACROYT_G003603",68
"purple","ACROYT_G024161",69
"purple","ACROYT_G003746",70
"purple","ACROYT_G041891",71
"purple","ACROYT_G004222",72
"purple","ACROYT_G004041",73
"purple","ACROYT_G012582",74
"purple","ACROYT_G008532",75
"purple","ACROYT_G003240",76
"purple","ACROYT_G002233",77
"purple","ACROYT_G043965",78
"purple","ACROYT_G021810",79
"purple","ACROYT_G027934",80
"purple","ACROYT_G025317",81
"purple","ACROYT_G042957",82
"purple","ACROYT_G004217",83
"purple","ACROYT_G030204",84
"purple","ACROYT_G027145",85
"black","ACROYT_G011523",1
"black","ACROYT_G032710",2
"black","ACROYT_G010444",3
"black","ACROYT_G006589",4
"black","ACROYT_G042319",5
"black","ACROYT_G018411",6
"black","ACROYT_G021877",7
"black","ACROYT_G009718",8
"black","ACROYT_G040452",9
"black","ACROYT_G031846",10
"black","ACROYT_G008089",11
"black","ACROYT_G036614",12
"black","ACROYT_G006534",13
"black","ACROYT_G000290",14
"black","ACROYT_G020243",15
"black","ACROYT_G034371",16
"black","ACROYT_G000273",17
"black","ACROYT_G004649",18
"black","ACROYT_G037978",19
"black","ACROYT_G011912",20
"black","ACROYT_G040547",21
"black","ACROYT_G044430",22
"black","ACROYT_G035302",23
"black","ACROYT_G003176",24
"black","ACROYT_G000280",25
"black","ACROYT_G033190",26
"black","ACROYT_G032559",27
"black","ACROYT_G037998",28
"black","ACROYT_G002805",29
"black","ACROYT_G019581",30
"black","ACROYT_G006252",31
"black","ACROYT_G023555",32
"black","ACROYT_G034615",33
"black","ACROYT_G016892",34
"black","ACROYT_G038721",35
"black","ACROYT_G043623",36
"black","ACROYT_G003348",37
"black","ACROYT_G017160",38
"black","ACROYT_G017922",39
"black","ACROYT_G004573",40
"black","ACROYT_G021312",41
"black","ACROYT_G009253",42
"black","ACROYT_G004169",43
"black","ACROYT_G035985",44
"black","ACROYT_G038478",45
"black","ACROYT_G034664",46
"black","ACROYT_G011373",47
"black","ACROYT_G034860",48
"black","ACROYT_G023743",49
"black","ACROYT_G025351",50
"black","ACROYT_G024058",51
"black","ACROYT_G034023",52
"black","ACROYT_G002193",53
"black","ACROYT_G038435",54
"black","ACROYT_G034731",55
"black","ACROYT_G043615",56
"black","ACROYT_G023599",57
"black","ACROYT_G042317",58
"black","ACROYT_G008241",59
"black","ACROYT_G006590",60
"black","ACROYT_G002219",61
"black","ACROYT_G023742",62
"black","ACROYT_G007506",63
"black","ACROYT_G034660",64
"black","ACROYT_G007640",65
"black","ACROYT_G029910",66
"black","ACROYT_G004079",67
"black","ACROYT_G024791",68
"black","ACROYT_G001577",69
"black","ACROYT_G041857",70
"black","ACROYT_G003353",71
"black","ACROYT_G008184",72
"black","ACROYT_G012474",73
"black","ACROYT_G024490",74
"black","ACROYT_G040004",75
"black","ACROYT_G020496",76
"black","ACROYT_G004124",77
"black","ACROYT_G030735",78
"black","ACROYT_G016819",79
"black","ACROYT_G038986",80
"black","ACROYT_G032364",81
"black","ACROYT_G020070",82
"black","ACROYT_G032581",83
"black","ACROYT_G009775",84
"black","ACROYT_G042944",85
"black","ACROYT_G000294",86
"black","ACROYT_G023768",87
"black","ACROYT_G002192",88
"black","ACROYT_G033220",89
"black","ACROYT_G032686",90
"black","ACROYT_G000930",91
"black","ACROYT_G044535",92
"black","ACROYT_G007846",93
"black","ACROYT_G002532",94
"turquoise","ACROYT_G002568",1
"turquoise","ACROYT_G008219",2
"turquoise","ACROYT_G017648",3
"turquoise","ACROYT_G017698",4
"turquoise","ACROYT_G004414",5
"turquoise","ACROYT_G043163",6
"turquoise","ACROYT_G026603",7
"turquoise","ACROYT_G032704",8
"turquoise","ACROYT_G013169",9
"turquoise","ACROYT_G023118",10
"turquoise","ACROYT_G021724",11
"turquoise","ACROYT_G003317",12
"turquoise","ACROYT_G026601",13
"turquoise","ACROYT_G039628",14
"turquoise","ACROYT_G013573",15
"turquoise","ACROYT_G038531",16
"turquoise","ACROYT_G021963",17
"turquoise","ACROYT_G007958",18
"turquoise","ACROYT_G025032",19
"turquoise","ACROYT_G007716",20
"turquoise","ACROYT_G007391",21
"turquoise","ACROYT_G023108",22
"turquoise","ACROYT_G034456",23
"turquoise","ACROYT_G027359",24
"turquoise","ACROYT_G008929",25
"turquoise","ACROYT_G008154",26
"turquoise","ACROYT_G023125",27
"turquoise","ACROYT_G039163",28
"turquoise","ACROYT_G001302",29
"turquoise","ACROYT_G008365",30
"turquoise","ACROYT_G017647",31
"turquoise","ACROYT_G009656",32
"turquoise","ACROYT_G027362",33
"turquoise","ACROYT_G008239",34
"turquoise","ACROYT_G026227",35
"turquoise","ACROYT_G034049",36
"turquoise","ACROYT_G008531",37
"turquoise","ACROYT_G025143",38
"turquoise","ACROYT_G023130",39
"turquoise","ACROYT_G043016",40
"turquoise","ACROYT_G007037",41
"turquoise","ACROYT_G008938",42
"turquoise","ACROYT_G024859",43
"turquoise","ACROYT_G020492",44
"turquoise","ACROYT_G008912",45
"turquoise","ACROYT_G026113",46
"turquoise","ACROYT_G005200",47
"turquoise","ACROYT_G039631",48
"turquoise","ACROYT_G005201",49
"turquoise","ACROYT_G040760",50
"turquoise","ACROYT_G031677",51
"turquoise","ACROYT_G038228",52
"turquoise","ACROYT_G006778",53
"turquoise","ACROYT_G005697",54
"turquoise","ACROYT_G008217",55
"turquoise","ACROYT_G004558",56
"turquoise","ACROYT_G034048",57
"turquoise","ACROYT_G035265",58
"turquoise","ACROYT_G032706",59
"turquoise","ACROYT_G034046",60
"turquoise","ACROYT_G017652",61
"turquoise","ACROYT_G019027",62
"turquoise","ACROYT_G021422",63
"turquoise","ACROYT_G023107",64
"turquoise","ACROYT_G016582",65
"turquoise","ACROYT_G019746",66
"turquoise","ACROYT_G038532",67
"turquoise","ACROYT_G017002",68
"turquoise","ACROYT_G023819",69
"turquoise","ACROYT_G018434",70
"turquoise","ACROYT_G012977",71
"turquoise","ACROYT_G034052",72
"turquoise","ACROYT_G029742",73
"turquoise","ACROYT_G007005",74
"turquoise","ACROYT_G023127",75
"turquoise","ACROYT_G025021",76
"turquoise","ACROYT_G001850",77
"turquoise","ACROYT_G043754",78
"turquoise","ACROYT_G007681",79
"turquoise","ACROYT_G036944",80
"turquoise","ACROYT_G002253",81
"turquoise","ACROYT_G008084",82
"turquoise","ACROYT_G002399",83
"turquoise","ACROYT_G020446",84
"turquoise","ACROYT_G001071",85
"turquoise","ACROYT_G021065",86
"turquoise","ACROYT_G008083",87
"turquoise","ACROYT_G011172",88
"turquoise","ACROYT_G021052",89
"turquoise","ACROYT_G027341",90
"turquoise","ACROYT_G023122",91
"turquoise","ACROYT_G020395",92
"turquoise","ACROYT_G026223",93
"turquoise","ACROYT_G004560",94
"turquoise","ACROYT_G002386",95
"turquoise","ACROYT_G017147",96
"turquoise","ACROYT_G034016",97
"turquoise","ACROYT_G026220",98
"turquoise","ACROYT_G008528",99
"turquoise","ACROYT_G026325",100
"turquoise","ACROYT_G018435",101
"turquoise","ACROYT_G002384",102
"turquoise","ACROYT_G033754",103
"turquoise","ACROYT_G026423",104
"turquoise","ACROYT_G018881",105
"turquoise","ACROYT_G023124",106
"turquoise","ACROYT_G008212",107
"turquoise","ACROYT_G022509",108
"turquoise","ACROYT_G016593",109
"turquoise","ACROYT_G034249",110
"turquoise","ACROYT_G008939",111
"turquoise","ACROYT_G035982",112
"turquoise","ACROYT_G020394",113
"turquoise","ACROYT_G007882",114
"turquoise","ACROYT_G035313",115
"turquoise","ACROYT_G018854",116
"turquoise","ACROYT_G022202",117
"turquoise","ACROYT_G021580",118
"turquoise","ACROYT_G042928",119
"turquoise","ACROYT_G008393",120
"turquoise","ACROYT_G020480",121
"turquoise","ACROYT_G008841",122
"turquoise","ACROYT_G019726",123
"turquoise","ACROYT_G017693",124
"turquoise","ACROYT_G026665",125
"turquoise","ACROYT_G026604",126
"turquoise","ACROYT_G021069",127
"turquoise","ACROYT_G002567",128
"turquoise","ACROYT_G001101",129
"turquoise","ACROYT_G010199",130
"turquoise","ACROYT_G002383",131
"turquoise","ACROYT_G033375",132
"turquoise","ACROYT_G044469",133
"turquoise","ACROYT_G042929",134
"turquoise","ACROYT_G021361",135
"turquoise","ACROYT_G012801",136
"turquoise","ACROYT_G026228",137
"turquoise","ACROYT_G021054",138
"turquoise","ACROYT_G027363",139
"turquoise","ACROYT_G020154",140
"turquoise","ACROYT_G031504",141
"turquoise","ACROYT_G019101",142
"turquoise","ACROYT_G026222",143
"turquoise","ACROYT_G008367",144
"turquoise","ACROYT_G008075",145
"turquoise","ACROYT_G002055",146
"turquoise","ACROYT_G039034",147
"turquoise","ACROYT_G043926",148
"turquoise","ACROYT_G038116",149
"turquoise","ACROYT_G044086",150
"turquoise","ACROYT_G006130",151
"turquoise","ACROYT_G012959",152
"turquoise","ACROYT_G020912",153
"turquoise","ACROYT_G018433",154
"turquoise","ACROYT_G034818",155
"turquoise","ACROYT_G031457",156
"turquoise","ACROYT_G022121",157
"turquoise","ACROYT_G042758",158
"turquoise","ACROYT_G041477",159
"turquoise","ACROYT_G002261",160
"turquoise","ACROYT_G039609",161
"turquoise","ACROYT_G006961",162
"turquoise","ACROYT_G039610",163
"turquoise","ACROYT_G036297",164
"turquoise","ACROYT_G008202",165
"turquoise","ACROYT_G026522",166
"turquoise","ACROYT_G030267",167
"turquoise","ACROYT_G007959",168
"turquoise","ACROYT_G007021",169
"turquoise","ACROYT_G031190",170
"turquoise","ACROYT_G008366",171
"turquoise","ACROYT_G000618",172
"turquoise","ACROYT_G023111",173
"turquoise","ACROYT_G020477",174
"turquoise","ACROYT_G019029",175
"turquoise","ACROYT_G020380",176
"turquoise","ACROYT_G008494",177
"turquoise","ACROYT_G036006",178
"turquoise","ACROYT_G018853",179
"turquoise","ACROYT_G034410",180
"turquoise","ACROYT_G042926",181
"turquoise","ACROYT_G001090",182
"turquoise","ACROYT_G038229",183
"turquoise","ACROYT_G008214",184
"turquoise","ACROYT_G036329",185
"turquoise","ACROYT_G008931",186
"turquoise","ACROYT_G032708",187
"turquoise","ACROYT_G039608",188
"turquoise","ACROYT_G019705",189
"turquoise","ACROYT_G002440",190
"turquoise","ACROYT_G005198",191
"turquoise","ACROYT_G016763",192
"turquoise","ACROYT_G008917",193
"turquoise","ACROYT_G025083",194
"turquoise","ACROYT_G007719",195
"turquoise","ACROYT_G033087",196
"turquoise","ACROYT_G011302",197
"turquoise","ACROYT_G021958",198
"turquoise","ACROYT_G026467",199
"turquoise","ACROYT_G001667",200
"red","ACROYT_G036907",1
"red","ACROYT_G036522",2
"red","ACROYT_G021857",3
"red","ACROYT_G012513",4
"red","ACROYT_G027888",5
"red","ACROYT_G022490",6
"red","ACROYT_G012528",7
"red","ACROYT_G032605",8
"red","ACROYT_G032916",9
"red","ACROYT_G022747",10
"red","ACROYT_G006245",11
"red","ACROYT_G027142",12
"red","ACROYT_G011864",13
"red","ACROYT_G030768",14
"red","ACROYT_G032356",15
"red","ACROYT_G003819",16
"red","ACROYT_G013320",17
"red","ACROYT_G037715",18
"red","ACROYT_G035942",19
"red","ACROYT_G001992",20
"red","ACROYT_G006781",21
"red","ACROYT_G029593",22
"red","ACROYT_G017255",23
"red","ACROYT_G034689",24
"red","ACROYT_G033537",25
"red","ACROYT_G001555",26
"red","ACROYT_G019470",27
"red","ACROYT_G036497",28
"red","ACROYT_G004173",29
"red","ACROYT_G027250",30
"red","ACROYT_G011680",31
"red","ACROYT_G026508",32
"red","ACROYT_G040369",33
"red","ACROYT_G044556",34
"red","ACROYT_G044305",35
"red","ACROYT_G000473",36
"red","ACROYT_G029717",37
"red","ACROYT_G007264",38
"red","ACROYT_G028220",39
"red","ACROYT_G031751",40
"red","ACROYT_G012587",41
"red","ACROYT_G009800",42
"red","ACROYT_G018419",43
"red","ACROYT_G030707",44
"red","ACROYT_G017770",45
"red","ACROYT_G040313",46
"red","ACROYT_G020126",47
"red","ACROYT_G010215",48
"red","ACROYT_G038722",49
"red","ACROYT_G027252",50
"red","ACROYT_G030640",51
"red","ACROYT_G006740",52
"red","ACROYT_G029086",53
"red","ACROYT_G008406",54
"red","ACROYT_G037115",55
"red","ACROYT_G039387",56
"red","ACROYT_G002967",57
"red","ACROYT_G013304",58
"red","ACROYT_G014023",59
"red","ACROYT_G008466",60
"red","ACROYT_G007359",61
"red","ACROYT_G016607",62
"red","ACROYT_G005257",63
"red","ACROYT_G003906",64
"red","ACROYT_G019985",65
"red","ACROYT_G022110",66
"red","ACROYT_G037425",67
"red","ACROYT_G029143",68
"red","ACROYT_G034549",69
"red","ACROYT_G002800",70
"red","ACROYT_G024158",71
"red","ACROYT_G021036",72
"red","ACROYT_G036245",73
"red","ACROYT_G037665",74
"red","ACROYT_G021525",75
"red","ACROYT_G002435",76
"red","ACROYT_G029703",77
"red","ACROYT_G035930",78
"red","ACROYT_G040568",79
"red","ACROYT_G001842",80
"red","ACROYT_G000491",81
"red","ACROYT_G001018",82
"red","ACROYT_G028162",83
"red","ACROYT_G031246",84
"red","ACROYT_G009834",85
"red","ACROYT_G007818",86
"red","ACROYT_G011479",87
"red","ACROYT_G044557",88
"red","ACROYT_G027106",89
"red","ACROYT_G039481",90
"red","ACROYT_G033410",91
"red","ACROYT_G043604",92
"red","ACROYT_G031651",93
"red","ACROYT_G041675",94
"red","ACROYT_G008166",95
"red","ACROYT_G037370",96
"red","ACROYT_G039331",97
"red","ACROYT_G041018",98
"red","ACROYT_G006418",99
"red","ACROYT_G005684",100
"red","ACROYT_G009371",101
"red","ACROYT_G029730",102
"red","ACROYT_G009542",103
"red","ACROYT_G007869",104
"red","ACROYT_G036986",105
"red","ACROYT_G005208",106
"red","ACROYT_G044251",107
"red","ACROYT_G002317",108
"red","ACROYT_G005813",109
"red","ACROYT_G024580",110
"red","ACROYT_G017271",111
"red","ACROYT_G000404",112
"red","ACROYT_G035067",113
"red","ACROYT_G030416",114
"red","ACROYT_G010216",115
"red","ACROYT_G033604",116
"red","ACROYT_G023557",117
"red","ACROYT_G015902",118
"red","ACROYT_G004283",119
"red","ACROYT_G031006",120
"red","ACROYT_G003030",121
"red","ACROYT_G010077",122
"red","ACROYT_G000501",123
"red","ACROYT_G037530",124
"red","ACROYT_G013992",125
"red","ACROYT_G041020",126
"red","ACROYT_G023929",127
"red","ACROYT_G036237",128
"red","ACROYT_G038702",129
"red","ACROYT_G029578",130
"red","ACROYT_G038630",131
"red","ACROYT_G023635",132
"red","ACROYT_G025784",133
"red","ACROYT_G032868",134
"red","ACROYT_G018843",135
"red","ACROYT_G028085",136
"red","ACROYT_G012102",137
"red","ACROYT_G037095",138
"red","ACROYT_G042867",139
"red","ACROYT_G039239",140
"red","ACROYT_G042910",141
"red","ACROYT_G029093",142
"red","ACROYT_G043749",143
"red","ACROYT_G025006",144
"red","ACROYT_G008314",145
"cyan","ACROYT_G024264",1
"cyan","ACROYT_G041240",2
"cyan","ACROYT_G041281",3
"cyan","ACROYT_G010342",4
"cyan","ACROYT_G041284",5
"cyan","ACROYT_G038799",6
"cyan","ACROYT_G009011",7
"cyan","ACROYT_G011353",8
"cyan","ACROYT_G030034",9
"cyan","ACROYT_G019364",10
"cyan","ACROYT_G019376",11
"cyan","ACROYT_G041361",12
"cyan","ACROYT_G010713",13
"cyan","ACROYT_G025776",14
"cyan","ACROYT_G020736",15
"cyan","ACROYT_G017934",16
"cyan","ACROYT_G000542",17
"cyan","ACROYT_G007290",18
"cyan","ACROYT_G004648",19
"cyan","ACROYT_G028616",20
"cyan","ACROYT_G041187",21
"cyan","ACROYT_G023833",22
"cyan","ACROYT_G031498",23
"cyan","ACROYT_G023060",24
"cyan","ACROYT_G036936",25
"cyan","ACROYT_G003678",26
"cyan","ACROYT_G041186",27
"cyan","ACROYT_G035607",28
"cyan","ACROYT_G003846",29
"cyan","ACROYT_G032474",30
"cyan","ACROYT_G025349",31
"cyan","ACROYT_G003455",32
"cyan","ACROYT_G033306",33
"cyan","ACROYT_G041282",34
"cyan","ACROYT_G010134",35
"cyan","ACROYT_G039242",36
"cyan","ACROYT_G007963",37
"cyan","ACROYT_G028895",38
"cyan","ACROYT_G000709",39
"cyan","ACROYT_G031736",40
"cyan","ACROYT_G031624",41
"cyan","ACROYT_G012603",42
"cyan","ACROYT_G010701",43
"cyan","ACROYT_G026840",44
"cyan","ACROYT_G013553",45
"cyan","ACROYT_G012850",46
"cyan","ACROYT_G004489",47
"cyan","ACROYT_G023547",48
"cyan","ACROYT_G003714",49
"cyan","ACROYT_G031600",50
"cyan","ACROYT_G041474",51
"cyan","ACROYT_G022041",52
"cyan","ACROYT_G032936",53
"cyan","ACROYT_G000983",54
"cyan","ACROYT_G009438",55
"cyan","ACROYT_G037009",56
"cyan","ACROYT_G033468",57
"cyan","ACROYT_G039419",58
"cyan","ACROYT_G024846",59
"cyan","ACROYT_G002522",60
"cyan","ACROYT_G023817",61
"cyan","ACROYT_G026096",62
"cyan","ACROYT_G040274",63
"tan","ACROYT_G006579",1
"tan","ACROYT_G005295",2
"tan","ACROYT_G005304",3
"tan","ACROYT_G017161",4
"tan","ACROYT_G009135",5
"tan","ACROYT_G026453",6
"tan","ACROYT_G026449",7
"tan","ACROYT_G036575",8
"tan","ACROYT_G040585",9
"tan","ACROYT_G005288",10
"tan","ACROYT_G031217",11
"tan","ACROYT_G012969",12
"tan","ACROYT_G026446",13
"tan","ACROYT_G041044",14
"tan","ACROYT_G016456",15
"tan","ACROYT_G039401",16
"tan","ACROYT_G041645",17
"tan","ACROYT_G003175",18
"tan","ACROYT_G010989",19
"tan","ACROYT_G019084",20
"tan","ACROYT_G026154",21
"tan","ACROYT_G039402",22
"tan","ACROYT_G006459",23
"tan","ACROYT_G012693",24
"tan","ACROYT_G041469",25
"tan","ACROYT_G033169",26
"tan","ACROYT_G006994",27
"tan","ACROYT_G027828",28
"tan","ACROYT_G037022",29
"tan","ACROYT_G030761",30
"tan","ACROYT_G016947",31
"tan","ACROYT_G026729",32
"tan","ACROYT_G001313",33
"tan","ACROYT_G037263",34
"tan","ACROYT_G024293",35
"tan","ACROYT_G009458",36
"tan","ACROYT_G044063",37
"tan","ACROYT_G026454",38
"tan","ACROYT_G004409",39
"tan","ACROYT_G027663",40
"tan","ACROYT_G004373",41
"tan","ACROYT_G029055",42
"tan","ACROYT_G026540",43
"tan","ACROYT_G012790",44
"tan","ACROYT_G020511",45
"tan","ACROYT_G024170",46
"tan","ACROYT_G003857",47
"tan","ACROYT_G002085",48
"tan","ACROYT_G020450",49
"tan","ACROYT_G011968",50
"tan","ACROYT_G018422",51
"tan","ACROYT_G013572",52
"tan","ACROYT_G039403",53
"tan","ACROYT_G004171",54
"tan","ACROYT_G039792",55
"tan","ACROYT_G000575",56
"tan","ACROYT_G021035",57
"tan","ACROYT_G017162",58
"tan","ACROYT_G034585",59
"tan","ACROYT_G005728",60
"lightgreen","ACROYT_G006667",1
"lightgreen","ACROYT_G006671",2
"lightgreen","ACROYT_G004191",3
"lightgreen","ACROYT_G026001",4
"lightgreen","ACROYT_G026000",5
"lightgreen","ACROYT_G006670",6
"lightgreen","ACROYT_G006664",7
"lightgreen","ACROYT_G011412",8
"lightgreen","ACROYT_G026708",9
"lightgreen","ACROYT_G025559",10
"lightgreen","ACROYT_G001176",11
"lightgreen","ACROYT_G043280",12
"lightgreen","ACROYT_G041492",13
"lightgreen","ACROYT_G031687",14
"lightgreen","ACROYT_G025561",15
"lightgreen","ACROYT_G002725",16
"lightgreen","ACROYT_G017697",17
"lightgreen","ACROYT_G035894",18
"lightgreen","ACROYT_G032050",19
"lightgreen","ACROYT_G043269",20
"lightgreen","ACROYT_G008179",21
"lightgreen","ACROYT_G042850",22
"lightgreen","ACROYT_G040272",23
"lightgreen","ACROYT_G000876",24
"lightgreen","ACROYT_G024636",25
"lightgreen","ACROYT_G032105",26
"lightgreen","ACROYT_G017730",27
"lightgreen","ACROYT_G007569",28
"lightgreen","ACROYT_G016467",29
"lightgreen","ACROYT_G026727",30
"lightgreen","ACROYT_G007151",31
"lightgreen","ACROYT_G029106",32
"lightgreen","ACROYT_G041602",33
"lightgreen","ACROYT_G022616",34
"lightgreen","ACROYT_G041005",35
"lightgreen","ACROYT_G034294",36
"lightgreen","ACROYT_G036630",37
"lightgreen","ACROYT_G009217",38
"lightgreen","ACROYT_G036299",39
"lightgreen","ACROYT_G002811",40
"lightgreen","ACROYT_G035310",41
"lightgreen","ACROYT_G017175",42
"lightgreen","ACROYT_G027186",43
"lightgreen","ACROYT_G039191",44
"lightgreen","ACROYT_G034409",45
"lightgreen","ACROYT_G035463",46
"lightcyan","ACROYT_G007968",1
"lightcyan","ACROYT_G013511",2
"lightcyan","ACROYT_G002530",3
"lightcyan","ACROYT_G025528",4
"lightcyan","ACROYT_G028890",5
"lightcyan","ACROYT_G028891",6
"lightcyan","ACROYT_G013346",7
"lightcyan","ACROYT_G034379",8
"lightcyan","ACROYT_G037696",9
"lightcyan","ACROYT_G040655",10
"lightcyan","ACROYT_G008318",11
"lightcyan","ACROYT_G043222",12
"lightcyan","ACROYT_G026805",13
"lightcyan","ACROYT_G002322",14
"lightcyan","ACROYT_G011033",15
"lightcyan","ACROYT_G013278",16
"lightcyan","ACROYT_G016917",17
"lightcyan","ACROYT_G026486",18
"lightcyan","ACROYT_G039825",19
"lightcyan","ACROYT_G025490",20
"lightcyan","ACROYT_G002321",21
"lightcyan","ACROYT_G039707",22
"lightcyan","ACROYT_G044640",23
"lightcyan","ACROYT_G043293",24
"lightcyan","ACROYT_G009662",25
"lightcyan","ACROYT_G017155",26
"lightcyan","ACROYT_G024803",27
"lightcyan","ACROYT_G008642",28
"lightcyan","ACROYT_G032634",29
"lightcyan","ACROYT_G034275",30
"lightcyan","ACROYT_G022651",31
"lightcyan","ACROYT_G002011",32
"lightcyan","ACROYT_G007240",33
"lightcyan","ACROYT_G020486",34
"lightcyan","ACROYT_G006250",35
"lightcyan","ACROYT_G020057",36
"lightcyan","ACROYT_G020509",37
"lightcyan","ACROYT_G013005",38
"lightcyan","ACROYT_G037078",39
"lightcyan","ACROYT_G018193",40
"lightcyan","ACROYT_G016171",41
"lightcyan","ACROYT_G023509",42
"lightcyan","ACROYT_G020485",43
"lightcyan","ACROYT_G039793",44
"lightcyan","ACROYT_G024493",45
"lightcyan","ACROYT_G007115",46
"lightcyan","ACROYT_G042225",47
"lightcyan","ACROYT_G020487",48
"lightcyan","ACROYT_G031915",49
"lightcyan","ACROYT_G039552",50
"lightcyan","ACROYT_G040363",51
"greenyellow","ACROYT_G027405",1
"greenyellow","ACROYT_G036031",2
"greenyellow","ACROYT_G027406",3
"greenyellow","ACROYT_G040394",4
"greenyellow","ACROYT_G006033",5
"greenyellow","ACROYT_G005937",6
"greenyellow","ACROYT_G007431",7
"greenyellow","ACROYT_G003752",8
"greenyellow","ACROYT_G021950",9
"greenyellow","ACROYT_G005930",10
"greenyellow","ACROYT_G003796",11
"greenyellow","ACROYT_G021610",12
"greenyellow","ACROYT_G027408",13
"greenyellow","ACROYT_G033203",14
"greenyellow","ACROYT_G004408",15
"greenyellow","ACROYT_G032941",16
"greenyellow","ACROYT_G003553",17
"greenyellow","ACROYT_G034602",18
"greenyellow","ACROYT_G023383",19
"greenyellow","ACROYT_G011495",20
"greenyellow","ACROYT_G042648",21
"greenyellow","ACROYT_G029101",22
"greenyellow","ACROYT_G021966",23
"greenyellow","ACROYT_G017493",24
"greenyellow","ACROYT_G032200",25
"greenyellow","ACROYT_G033847",26
"greenyellow","ACROYT_G021853",27
"greenyellow","ACROYT_G012450",28
"greenyellow","ACROYT_G019365",29
"greenyellow","ACROYT_G007875",30
"greenyellow","ACROYT_G025293",31
"greenyellow","ACROYT_G038988",32
"greenyellow","ACROYT_G027917",33
"greenyellow","ACROYT_G017491",34
"greenyellow","ACROYT_G033173",35
"greenyellow","ACROYT_G002980",36
"greenyellow","ACROYT_G003794",37
"greenyellow","ACROYT_G037977",38
"greenyellow","ACROYT_G016694",39
"greenyellow","ACROYT_G021924",40
"greenyellow","ACROYT_G019099",41
"greenyellow","ACROYT_G019563",42
"greenyellow","ACROYT_G039597",43
"greenyellow","ACROYT_G022469",44
"greenyellow","ACROYT_G023954",45
"greenyellow","ACROYT_G006979",46
"greenyellow","ACROYT_G039666",47
"greenyellow","ACROYT_G009267",48
"greenyellow","ACROYT_G017503",49
"greenyellow","ACROYT_G002602",50
"greenyellow","ACROYT_G040814",51
"greenyellow","ACROYT_G001164",52
"greenyellow","ACROYT_G023841",53
"greenyellow","ACROYT_G016576",54
"greenyellow","ACROYT_G030108",55
"greenyellow","ACROYT_G036825",56
"greenyellow","ACROYT_G007229",57
"greenyellow","ACROYT_G011949",58
"greenyellow","ACROYT_G006978",59
"greenyellow","ACROYT_G016706",60
"greenyellow","ACROYT_G002912",61
"greenyellow","ACROYT_G007342",62
"greenyellow","ACROYT_G043826",63
"greenyellow","ACROYT_G002884",64
"greenyellow","ACROYT_G001575",65
"greenyellow","ACROYT_G021542",66
